short-term,long-term
0.8546350566378064,0.7126991583694084
0.8988833333333335,0.7814999999999998
0.8419014076479081,0.8056247843267846
0.9152816666666671,0.82699
0.866134305722056,0.7117265286380292
0.8297253816183823,0.74050568496781
0.8297972936507938,0.7195131368076362
0.8495369931457433,0.7296528917748921
0.778916952380952,0.7904589384920634
0.8665409168331674,0.675180008019758
0.8742994394771897,0.8451538447843009
0.8331846606449105,0.7648564967018275
0.8196458149350644,0.8119667954545458
0.8101156276501285,0.8364139649141714
0.8765924941169946,0.8475458800088805
0.8958946428571433,0.8477557142857144
0.8106991072261077,0.8915384530885783
0.8944354025974022,0.7866192871572874
0.8854719274891772,0.7664294870129873
0.8688413264790765,0.771360776154401
0.8096008134920631,0.7194807202380953
0.8658441666666667,0.7714341666666672
0.8453582564380067,0.7345687657799722
0.8810307824397828,0.7412176478007291
0.87099960014985,0.7371243320707072
0.8086401179653688,0.7551357909769972
0.8426923030303034,0.6813771515151511
0.8401667449494954,0.7366143343502902
0.8325095048562545,0.7273637927391238
0.8365377724775227,0.7039708672756985
0.8689848333333334,0.7256523571428573
0.802639255411255,0.6967242467532471
0.9031656666666654,0.7277876666666658
0.8353297021312023,0.7561801529899842
0.827431814935065,0.585163401515152
0.8348612251082252,0.8080264512987014
0.7799965584415584,0.7103523679653683
0.8658396316461315,0.7734521339673401
0.8390763974913975,0.7275974773559767
0.8127580070207568,0.7901482157050467
0.864061558774559,0.7528374555207865
0.8381591073648577,0.7814216327561322
0.8902727361527362,0.7192887205988456
0.9073884523809527,0.7928627380952379
0.8027532955932954,0.7522500984750542
0.8102849935064939,0.7800306261140819
0.829565272949273,0.6859210909090908
0.8359895309135312,0.7238803326852886
0.8411546625041625,0.6868206967379024
0.9020722009379505,0.850404761395468
0.7782071381673877,0.6881057177446734
0.8362526032856032,0.7998720676406929
0.8859497949550446,0.6966744398420209
0.9013236538461539,0.5925712280636029
0.8431470807803306,0.7655515706556518
0.8375870237817739,0.779512707199663
0.8027900000000008,0.6989168333333347
0.8101183982683982,0.7438591792929294
0.9143278931623935,0.8424392515262517
0.8542412582695081,0.7968364086232397
0.8031079739704743,0.7381381601078661
0.8538646865911871,0.7728829350828903
0.8768349184704185,0.8475419235209235
0.9050972922077919,0.8142281966644471
0.7959418333333332,0.7384755963758464
0.8504353982683984,0.868348865800866
0.8634965833333337,0.696583126678877
0.8318886083361083,0.7419934428528988
0.900025,0.7636147272727274
0.8663264896214897,0.7337881849718912
0.8335161566489065,0.7561307371794872
0.8705701282051274,0.6565457814685319
0.8444657453102451,0.821933175102675
0.8508210119325119,0.7752246597609909
0.8592964978354977,0.7873722174353426
0.8661933241758244,0.725977928571428
0.8561274859307362,0.7230505199245195
0.7446552435897437,0.8217585769230773
0.8747869862359862,0.7368145875652128
0.8488156438283938,0.763362871243952
0.8548833809523805,0.6977162142857144
0.762604166666667,0.8706483333333339
0.8800725000000001,0.7524949999999997
0.800005583333334,0.696560875
0.8669259538239535,0.7905140732323236
0.868892337606838,0.8467944102564107
0.8354697142857147,0.7023165000000005
0.8910793650793649,0.7277591865079368
0.7834311197691199,0.6265647264581822
0.844201955128205,0.6191720833333335
0.8187425703463204,0.7404415762987013
0.8665489875957373,0.6867303531746032
0.830561766233766,0.5956779877344881
0.8583114765234761,0.8047579251859254
0.8380327857142857,0.7029985952380956
0.7994960439560442,0.7176558983516488
0.8382861973304476,0.7505515491175491
0.8598599419191919,0.709686736832612
0.8635899739704748,0.758208605454187
0.8546609361471859,0.7907453672993676
0.8437671484903986,0.8070374635960446
0.8681849585969593,0.7200927300616052
0.9056042806082809,0.8148609268509266
0.8876770028860025,0.7733110404040404
0.8790943030303033,0.4963177348484845
0.8810646520979024,0.7340679982517484
0.922789761904762,0.8038027380952383
0.8374400000000004,0.6421560000000006
0.9108824747474749,0.8608539359668108
0.871298239121989,0.7519077986180488
0.8458792215839719,0.7799793351550417
0.8257184884559884,0.7314798315850816
0.7902621267898766,0.7369161348553412
0.8723480466200466,0.7625119806027305
0.85270098953824,0.769022996785078
0.8554223585858592,0.8008249621212121
0.8580726821789321,0.7228104367201431
0.7464989324009327,0.8043584696969696
0.8465338807303806,0.8483533821178824
0.7871100000000004,0.725618698412698
0.8622752778610275,0.6928981577866579
0.8658396316461315,0.7734521339673401
0.8695033684926186,0.7421141996516559
0.8414827591297593,0.7722619040722352
0.8648721666666667,0.7188176666666672
0.8821604327616827,0.7626145025252526
0.8052486417748913,0.7310119172077921
0.814814902930403,0.8467446834554339
0.8357944164169165,0.7565347244185555
0.8530146168831171,0.785859256216006
0.8607744921744919,0.7873621391982197
0.8454130218947717,0.776054457241288
0.8611731193528693,0.7359085423049173
0.7686937803030301,0.7965445440433752
0.8240983888888884,0.7562108333333335
0.8404122350982348,0.7688136625041628
0.8409999999999996,0.837646666666667
0.9092322857142859,0.8222540952380953
0.8232097222222228,0.7719808333333336
0.8397721477133976,0.7658378436881749
0.8221674524087021,0.7324798575174825
0.836796988761239,0.784351970737596
0.8604140637140634,0.7669545494089246
0.8379577895715395,0.7578617098497906
0.7944666480463977,0.6614826939865692
0.827372799145299,0.7157245451770449
0.8378333008935512,0.7229093595571094
0.8387765517260523,0.5953730721402785
0.8064667391774891,0.7233478282828285
0.8246457960372966,0.7725538257575759
0.8754848888888891,0.7128821666666667
0.8806034103951599,0.7696466632395385
0.913074458818959,0.8129681678321677
0.833532346625596,0.6530962512210009
0.8566857625152626,0.8044728093197654
0.8145487842990344,0.6667256438838942
0.8434499083694083,0.757844421527002
0.7340266666666673,0.8690941666666673
0.8754099829059828,0.8295996388888888
0.8469382275779777,0.7566794091741591
0.8787416666666655,0.7502016666666662
0.9065533888888894,0.8790113333333336
0.8024505806138305,0.6825929768605576
0.8257518075258075,0.7654673401361712
0.814433976190476,0.8221898333333333
0.8451424591242087,0.7680475962648466
0.8458547936507932,0.8479403531746033
0.8109342290764789,0.7014847981601734
0.8602777343489845,0.7212359848484844
0.7866469824064825,0.7414760880410439
0.8473862660395157,0.7615863637653197
0.8232305555555552,0.7115983888888888
0.8676460215062711,0.7308684392135641
0.8618303333333336,0.797718
0.831549120795871,0.6527305271395266
0.8494183406593407,0.7749642749236061
0.8832294368686872,0.8300676736041736
0.8491166760461765,0.7615024879981135
0.8769802289377288,0.7918980784493291
0.830384032828283,0.7995976703060015
0.8560981318403816,0.7830547838452402
0.8625299999999995,0.8241600000000004
0.8444773677711177,0.6751218957015205
0.8209212926517929,0.8242657306900623
0.8966528968253972,0.8183126785714286
0.8617654617049617,0.7326756869241869
0.8191641493506495,0.7137903538961041
0.8422752619047617,0.7270094383116888
0.7855086316738813,0.765503968975469
0.8458669246031749,0.7165378430735934
0.8275537196969701,0.5528123787878794
0.8370348268398273,0.6844971038961041
0.854931672299922,0.6921854155844152
0.8919416666666667,0.664841385281386
0.8222340833333333,0.5979006666666665
0.8560587319069819,0.8075932682913495
0.8845463668831166,0.7308180041486295
0.8073570463980463,0.7450511816378065
0.8600604629814625,0.7883541737845488
0.8484941862581862,0.7448298791804601
0.8487308526196028,0.7702385153082213
0.8582185032190034,0.7951950421245424
0.8700241439393941,0.789161106060606
0.8525369019869018,0.7718892774488585
0.8892614285714283,0.8169771428571425
0.817807255050505,0.675033411616161
0.8801344545454549,0.8344727272727277
0.874058295815296,0.7271043340548343
0.8428800747863245,0.7798013856837607
0.8725458739038738,0.8131586827616835
0.9024131666666654,0.7552459999999992
0.8769215252525254,0.5019387348484845
0.8827226666666671,0.7148896042568543
0.8358816884781884,0.7453282930027487
0.8405803571428572,0.6003732142857148
0.9089599393939396,0.7764962626262626
0.8375698636363643,0.775646638888889
0.852427086302586,0.8159942621406373
0.8941290079365081,0.8578855833333336
0.8635207238317238,0.6742484568487076
0.7895479920634912,0.5482163510101009
0.8248038117993118,0.784938841842798
0.8631486749639248,0.7578434258658008
0.8490799124209129,0.7507143941654754
0.7937256536241536,0.7298769036143601
0.8749319834054831,0.7413287656926408
0.856305377206127,0.6799839332750588
0.8553440752580751,0.6994731627539125
0.8687153055555561,0.8568126666666669
0.8665394355089354,0.8081461913641915
0.830448330919081,0.7716332222540535
0.7842332030469531,0.7343577089577092
0.8828826759906759,0.5715120440947936
0.8239676696359196,0.7096368263403263
0.881357713286713,0.7858114940059935
0.8867879999999998,0.7646846666666672
0.8264100000000008,0.6250600000000002
0.8469150320512813,0.6470431463675211
0.8700813791486288,0.7339882070707071
0.8279263215118219,0.79186970384191
0.8521955952380946,0.5470297380952377
0.8870429246031749,0.5064461432178927
0.8557555580253084,0.7203961443833947
0.8302793200965701,0.7339852230685984
0.8391860824175823,0.7736272890442889
0.8820413455988454,0.805797017732268
0.8734572857142857,0.783125917748918
0.8194675252525258,0.8180550404040402
0.7987206006493505,0.6995370404595406
0.8393708078310581,0.7626743558802311
0.817377692002442,0.7923424477466982
0.8896456562049059,0.7510981902958155
0.8826679816017315,0.7711697824675321
0.8323480097402594,0.6419063733766234
0.8470353854478856,0.8241211395132646
0.8681331520146521,0.8009617039072039
0.8224136944444439,0.7667789940476191
0.7661694248251747,0.8012498181818181
0.7997198174603172,0.8134379595959597
0.8304594000721507,0.6464138759018759
0.8826679816017315,0.7711697824675321
0.7844012500000003,0.6464287500000004
0.8478528378288378,0.7743852645589704
0.7962731428571428,0.6591821428571427
0.8608399999999993,0.8108500000000002
0.8402788333333331,0.6348102867965367
0.8749536772949275,0.7947690731768237
0.8525563204295702,0.7956365798090801
0.8574677808857804,0.8127022411616163
0.88260439033189,0.7449087288961042
0.8759585238095238,0.7615535119047623
0.8754599275724272,0.8054181310397125
0.8675745972083471,0.7723425372960371
0.8674365353812857,0.8161976770215085
0.8457703626373632,0.8018308354047909
0.8219937367354866,0.6140509268509269
0.8235096536796537,0.7907675476190477
0.8467383333333334,0.7909566666666669
0.8319082663447663,0.7567396508254823
0.8696117857142857,0.7139954642857144
0.8574309656732159,0.8036480541541793
0.8580314768564766,0.7837963719891221
0.7825181067266067,0.7280930343863653
0.862517371794872,0.8183077499999999
0.8386211946941948,0.7600853122612682
0.8521870833333337,0.7553337500000004
0.8041513674658672,0.6445224848484847
0.8193534702797204,0.7625248305207866
0.846537496919747,0.7696451215214524
0.8357944164169165,0.7565347244185555
0.83639268939394,0.7981859848484852
0.846449636363636,0.6808026515151512
0.8420623809523804,0.6503292380952381
0.855174174908425,0.7890631606171605
0.8669919658119661,0.8116260372127877
0.862765763708513,0.6790890914502167
0.7538127272727274,0.7443161515151513
0.8666546070873573,0.7104769537309094
0.8559194135864142,0.8063264683372187
0.7971829924242421,0.700682195887446
0.7899684808247315,0.8165736009684759
0.9083735952380954,0.8305904047619045
0.7754720634920641,0.5254514285714288
0.8391973769841278,0.6916452549019612
0.8627947087357093,0.7685643049728051
0.7844576860361863,0.7342917053918312
0.8514992348207349,0.7506687715936029
0.8501016857309359,0.7435276351883412
0.8806410450937946,0.7267391217532467
0.906727452380952,0.8258441785714287
0.8826321915584419,0.8055470332208644
0.8853623333333323,0.715217666666666
0.8379417803030305,0.7211867218614714
0.7744104448884448,0.6880234026708588
0.9195779404761913,0.8123012023809528
0.8952631732434233,0.8229311171508232
0.8745686975524473,0.7621786538461538
0.8527149836552339,0.8008742011362818
0.78347758016983,0.7321834927711179
0.8305803030303028,0.8233403787878789
0.8772005634920633,0.7603828452380951
0.8133224994449995,0.7814361745615496
0.8496983809523807,0.7258307142857148
0.8429327770562771,0.8521929557109559
0.7595370092685085,0.7551009110611614
0.8682859965589969,0.6694043551171055
0.8373448144355646,0.7644485884711695
0.8750247820512819,0.7401496602564106
0.8817908836163842,0.7798077724497726
0.8718359645077152,0.7785001365758424
0.8412579690032193,0.7692091121419429
0.8367332050172052,0.7312000956306767
0.8085695876068375,0.8162634568250376
0.8370580393495396,0.721086056114637
0.8924684047619045,0.7790849493464055
0.8416877883782885,0.7782737752109001
0.8404309523809527,0.5981147619047622
0.83492675,0.7757014999999998
0.9200105000000002,0.9200356666666668
0.8817189682539679,0.6910390952380955
0.8355875306082798,0.6948563931109749
0.8604874293761795,0.7940266839965591
0.8046108333333329,0.7750295833333332
0.8589328575868577,0.7261581936813191
0.7675069761904765,0.7404866428571434
0.827323346708847,0.7474447135127947
0.8322700596625592,0.6687064246864242
0.861260598568099,0.7741153941752692
0.8558038112720615,0.721425520455852
0.8697265000000003,0.7409141666666667
0.8286753074425576,0.754003011779887
0.8787929486346988,0.7353923201659457
0.8516103737651242,0.7680752104562099
0.8417973137973144,0.792951855814937
0.8933334166666667,0.6143638939393935
0.8546236713009212,0.8204000990994302
0.8239490737318239,0.7121114062881566
0.8410770414862909,0.6267829998196252
0.9165706161616167,0.8287884848484847
0.8403037752525256,0.669596101010101
0.8564252976190475,0.7750866758241759
0.9050597186147185,0.8419325113954682
0.8743125521145518,0.7813510763403265
0.8675389261294261,0.7630887735042736
0.8650497683705186,0.8008091902125656
0.8215248844211342,0.7595616484806043
0.8672899999999999,0.81007
0.8571958161005664,0.8174431233627487
0.8638440662393165,0.6983402261904759
0.8353993139360634,0.8849947292429793
0.8369534640359642,0.752183057751889
0.844365988095238,0.6995845967365965
0.8463091941946941,0.7595372244185554
0.861761657731158,0.7627085083527585
0.9108671060051061,0.8822575466200467
0.8524086214618718,0.7650769221513781
0.8678550186202686,0.8087769684204683
0.821569766233766,0.725531827922078
0.8211084679764679,0.7024128463064713
0.8771532554112552,0.8005842597402599
0.8350540212842711,0.8150412813852818
0.8351512346542351,0.7362891976259028
0.8742150000000006,0.7563451666666664
0.8391974523809523,0.6573879285714286
0.8497897386224887,0.8072918389706701
0.9022435000000004,0.8498144999999999
0.8827085703463199,0.8288547467532466
0.8620754473304468,0.5481752316017311
0.89647684965035,0.8798613438505946
0.830534537240538,0.7567029156578714
0.8475085000000004,0.807182
0.8765449658119654,0.7886627179487183
0.8469382275779777,0.7566794091741591
0.8908818376068378,0.5706101602564103
0.9128357857142863,0.786822928571429
0.8766724208569207,0.735525222763348
0.8314281882561885,0.7576581451048948
0.8769215252525254,0.5019387348484845
0.791547925269176,0.8230492996864247
0.8319052832722837,0.7420569868881124
0.8293900941558437,0.7373774015151514
0.8646725965700968,0.790450481920857
0.8291085624930625,0.6092322564282125
0.8675389261294261,0.7630887735042736
0.8416249732767237,0.7868834710885522
0.8678111190476191,0.7984892619047617
0.8688704470529466,0.7833706641969145
0.9082766666666666,0.7944066666666668
0.8438024774947276,0.7680597911116662
0.8493028137418136,0.7985730517856328
0.8234793904151411,0.7876395383227889
0.8718504101731601,0.7366442110389602
0.8497989213841709,0.7600876403180153
0.8470328150183148,0.6517483554778548
0.8504988612776114,0.7468946101537354
0.7715650087412588,0.6455110989010993
0.8347651024808529,0.735716814564521
0.8747475298312801,0.7228912371835685
0.8919416666666667,0.664841385281386
0.8319681924464419,0.7279678877650128
0.8781719832667332,0.7217964457070708
0.8366680714285715,0.7484017142857143
0.8700355448717956,0.8576422115384621
0.8810893185425688,0.8317370815850822
0.8707125360750361,0.7392962682178933
0.8345432605727607,0.7442723726869538
0.864106324841825,0.8986509311799312
0.8389962036019546,0.8062767798769861
0.8708656712454215,0.886734788017538
0.9071645769230767,0.758855217948718
0.8328047928737938,0.7398309226051734
0.8617482355699861,0.7381662026764078
0.7956700000000008,0.7066760000000011
0.8283166406371413,0.7878206887875198
0.9220675476190477,0.865569976190476
0.7976168269230768,0.8065075512820514
0.8540224852924855,0.7860193303404114
0.8911924314574314,0.6976590880230886
0.8183813758463755,0.6491076647698709
0.9219342142857144,0.8398799761904759
0.8639798095238095,0.7193644264069269
0.880188588744589,0.6917177481962489
0.919767277777778,0.8807925555555556
0.8617079832667329,0.7470736899350651
0.9256980399877903,0.8165202673992675
0.8370718143800646,0.7655204137292447
0.832277861000111,0.740698421929378
0.7868646190476193,0.5437637460317455
0.8253306572871572,0.8794547447691198
0.8446592857142857,0.6307664285714284
0.8705771176323678,0.8180807988955492
0.8380610187312689,0.7522719397032709
0.9027236998556992,0.7817441941669443
0.8046032675380173,0.6882476699689204
0.8432741252081253,0.7862634084110336
0.7947748939393943,0.6530739393939397
0.8099973076645581,0.7267547829115324
0.8694215334110335,0.7257937647809706
0.8218398653846155,0.7266260293040296
0.7330166666666672,0.8062766666666669
0.860400111471862,0.7378812391774892
0.8563216666666666,0.6975808333333339
0.8663570785048281,0.7462369457070708
0.8274296950549447,0.779744807678433
0.8465588055555558,0.7293888888888891
0.8794216103896104,0.7553174452491953
0.8645251928904429,0.8174511031509347
0.7725640109890112,0.7572175549450545
0.8448968210400707,0.8021134479450294
0.9173225476190477,0.844229976190476
0.8505601261516265,0.756358830808081
0.868744204045954,0.7106961311784618
0.8632654071761572,0.8210399700340516
0.8794730246420247,0.8101385628121881
0.8594314746919745,0.8159847001511564
0.843325623015873,0.7274964323593074
0.8637680043290042,0.6829519296536796
0.842764842712843,0.7913245839617897
0.8398295282217785,0.7866021938061938
0.8416589209956712,0.7255006544844044
0.8458236328671327,0.7627348281342842
0.7318691777944275,0.7749000093142151
0.8488614899267394,0.8063660547924298
0.8474699999999994,0.6502099999999998
0.8281916787934287,0.7629576329365082
0.883611082029082,0.6420891728826729
0.845542956904207,0.8149700048840048
0.88260439033189,0.7449087288961042
0.8458008928848928,0.7624624495406551
0.858595564324564,0.7029329154774965
0.8468209523809526,0.7473647619047615
0.7991353719336216,0.743595305046261
0.7894925357142862,0.7046129418261481
0.8598700264180273,0.7442232475857479
0.8435761626984124,0.803873220779221
0.8346406773781776,0.7243532758671068
0.8426743340825841,0.7288676937408993
0.8458107663170168,0.7581549088689091
0.7963009523809526,0.8208348809523807
0.876752119047619,0.756357011904762
0.7725640109890112,0.7572175549450545
0.8317375109057606,0.6932252296592294
0.8667620646020647,0.7728834905788656
0.8420623809523804,0.6503292380952381
0.8419142564657566,0.7668260033757092
0.8289979950327455,0.7379466279039589
0.8951070925740925,0.8066597472527479
0.8866311059218558,0.8807361346153847
0.8520430348817851,0.746363266192141
0.8601533562271064,0.8046043861277613
0.8307351622821628,0.73385423865432
0.8450819551282049,0.6348220833333336
0.687093011904762,0.6053946468253969
0.7693714999999994,0.7516349999999997
0.9027469137529139,0.8489667958707962
0.7944470061327564,0.7786442161727158
0.8881638041125542,0.7789349893480702
0.8831456666666656,0.7234576666666658
0.7866671507936508,0.7572761249999997
0.7955001666666672,0.7232118809523809
0.8762261964701965,0.7377999814213565
0.8410829234654238,0.7844857331279836
0.8621810322455323,0.841250923063048
0.8634269724488958,0.756157612925609
0.8439788063048063,0.7624268150599401
0.8621971492951497,0.715755978983435
0.8659599999999993,0.8149600000000002
0.8407490401265403,0.8486644105241169
0.7675069761904765,0.7404866428571434
0.8620480460650461,0.8197335811451626
0.815705310744811,0.59197837959263
0.8679629154456648,0.7747497281746034
0.8370718143800646,0.7655204137292447
0.8570744265734266,0.6878599474039033
0.8698008333333331,0.7239711111111115
0.8687526825396829,0.8611180476190481
0.8071641666666665,0.6954476666666669
0.8737361419968923,0.6806052760295266
0.846023858974359,0.8049095439699191
0.8439135712343212,0.7639728931664742
0.8376673237318245,0.6568954025321085
0.9123124296536802,0.8737153181818182
0.9195779404761913,0.8123012023809528
0.8621439051504051,0.8405849463730712
0.8525396052836058,0.78811860452048
0.8242694005161502,0.7292387159270468
0.8116734523809522,0.7481480952380954
0.8837111507936511,0.8134697023809525
0.8839628721556221,0.7237801123737375
0.8694185965423464,0.6897514448051955
0.8457914486624489,0.7858595047215858
0.7977332890720388,0.7404708919315983
0.8587112200577198,0.6897713982683987
0.8390095981240984,0.7546642706460208
0.8292942857142862,0.6360114285714286
0.8592237054334554,0.8376911903374408
0.8675596265678766,0.7325055041902543
0.8368886379731376,0.7650366077533579
0.7871625085192581,0.7539171919510231
0.8259500000000009,0.61933
0.8357642252747256,0.749190019914726
0.87116222943723,0.7153846582763639
0.828608916666667,0.8174273181818184
0.9209508055555549,0.9148179642857147
0.8413441425241427,0.7640813095001406
0.8518073823953829,0.7692835256132757
0.8859764605394603,0.7389462108585859
0.8406631818181819,0.847105681818182
0.8629887242479739,0.7336745037878789
0.826777563797314,0.8135774032217785
0.7383089285714297,0.4822720833333327
0.7542714999999991,0.7487249999999993
0.8642393311965811,0.8312343175990676
0.8079728347763355,0.7891809978354981
0.8281695952380954,0.6596047857142857
0.8339214164169165,0.7695360994185555
0.8403008337773338,0.7204819885392384
0.8152991466311462,0.7587814045717348
0.7871625085192581,0.7539171919510231
0.8509621720779219,0.691520996753247
0.8405332919580417,0.749758452052033
0.887561071428572,0.8714006190476192
0.8387765517260523,0.5953730721402785
0.795719511294261,0.6333052805250305
0.874031063492064,0.8557979772727278
0.852440416666667,0.7257529166666664
0.8365889735542237,0.7533450207888519
0.8376460227272724,0.7614672727272723
0.8324632468642467,0.7459523202394014
0.862838697635698,0.8662135520313025
0.9069243625541119,0.8371700324675326
0.8665719658119662,0.8110260372127877
0.8311588154623153,0.7936054842975656
0.8405896583971584,0.7653889452908205
0.9032767161172157,0.7352120129453887
0.7721028095238092,0.6263344761904761
0.8318183095238091,0.8635185714285716
0.8560937514707515,0.7800601989024051
0.854351333333334,0.7544639999999994
0.9101826666666665,0.7980503333333333
0.8079842857142855,0.6947147619047622
0.8381425647963152,0.7605454132950382
0.8845875000000001,0.8022600000000001
0.863917203268953,0.8208145875554187
0.810950666971917,0.7191154694749694
0.8661203506493504,0.7609051803751806
0.871225195387945,0.7278220820707072
0.7897524010989008,0.7594697554945055
0.8626026998556996,0.7908033483877233
0.8408984523809524,0.7480999285714286
0.8801484339826837,0.689243373737374
0.8909424522422029,0.7146493896103907
0.8558384502442,0.8053633226495736
0.8238011919191927,0.8118502359307357
0.848602516095016,0.7116110672660675
0.8408622442279946,0.7492728333651648
0.8529670764513269,0.7454489897920707
0.8434680995670998,0.7421734808802305
0.8484700093795098,0.7631308213314469
0.8173309999999998,0.6429686666666666
0.8972784999999999,0.6042360833333329
0.8956255714285709,0.7589391587301584
0.8532438046398044,0.7788267364302369
0.8424455580253077,0.7056449645395457
0.8684601302586301,0.8431611562465313
0.8829460487012989,0.8448392113997114
0.8705020000000006,0.39731800000000034
0.8151506917804419,0.7281201493922747
0.7601804658119657,0.632188788683539
0.8190695678210682,0.6331787150627147
0.9024131666666654,0.7552459999999992
0.8796715692085694,0.8104290617715616
0.8434203769841269,0.6809260912698406
0.7769478571428573,0.7531967857142853
0.8509024015151517,0.7954941122766125
0.8169980555555557,0.8029467092352093
0.8323195386002893,0.8060532963466275
0.8926248571428573,0.8586722857142856
0.8423783311688312,0.7421630263902766
0.8041094036241538,0.7824484556693305
0.8737737500000009,0.858641071428572
0.7780460541125538,0.6195781038961043
0.8620169444444437,0.8029966666666659
0.8178748418525917,0.6647698901515153
0.8223033333333339,0.6665859999999999
0.9084608588911091,0.8544399982794986
0.825869817765568,0.6440481007326007
0.871071832417583,0.749066275964232
0.843500007326007,0.780411165764791
0.8948823564213568,0.8028658867243861
0.8492437301587306,0.768578225829725
0.8521955952380946,0.5470297380952377
0.8659599999999993,0.8149600000000002
0.8654460876068378,0.8268371346153848
0.8908440793650793,0.8494972282064346
0.8569577196969699,0.7562652348484847
0.9060619592352087,0.8201802487373742
0.8491166760461765,0.7615024879981135
0.8219937367354866,0.6140509268509269
0.8685148917748926,0.7825553213355276
0.8468329719724724,0.7864265028860028
0.8871449523809518,0.8430877619047621
0.7727847222222224,0.7744991666666664
0.8670681759906763,0.8853156281537099
0.8554511060606057,0.7379758030303033
0.8247207542735047,0.7109995134310136
0.8565633333333331,0.5379238383838384
0.8211847117049619,0.6523819182484185
0.8337864095626597,0.7791572417345728
0.8841571658896662,0.7234301627816626
0.8961876190476193,0.8543084285714283
0.7693614999999994,0.7587649999999994
0.8371019208569208,0.6197517276334783
0.8730451953879451,0.7312880820707073
0.8064566666666662,0.588296666666667
0.9040556666666656,0.7271976666666659
0.8592756111111108,0.8299002361111113
0.8583564761904766,0.7599888095238099
0.891707365773116,0.7887348730574983
0.8542748509546009,0.7838933456168016
0.8556881164668667,0.7579035816585376
0.8438156323953824,0.7667022907647908
0.8639498095238095,0.7164744264069269
0.779808154761905,0.7267049321789325
0.9016014999999987,0.758817666666666
0.8140840700133203,0.6663710724553228
0.8716985336330336,0.811327845769427
0.8987460768398265,0.8271892428168235
0.8510959444444444,0.7365111776695527
0.8619050808080807,0.7733793181818185
0.8797737514430017,0.7824788431886738
0.8370718143800646,0.7655204137292447
0.8675239058441558,0.7049310822510826
0.8937156526806521,0.8700119607614615
0.8714157738095242,0.7504717857142854
0.8901708236763235,0.8589988840367159
0.855524071428572,0.827418285714286
0.8260553745698743,0.7293506010419323
0.8828589999999987,0.7146276666666657
0.881266523809524,0.8277917619047621
0.8547106236263738,0.7791928946511009
0.9212575476190478,0.8630399761904761
0.9136479599567098,0.7497777503607501
0.8348760830835832,0.7553238910852222
0.8080516666666674,0.6936110000000011
0.835036623015874,0.6230338333333334
0.8569775227272725,0.7413287577463386
0.9110717629870133,0.8672156515151515
0.8606070519480514,0.7903155135281388
0.8606214490786988,0.7536013603063607
0.8630848095238091,0.7324847142857146
0.8721935556388054,0.7876785004162508
0.8778337142857146,0.7693409264069264
0.7844012500000003,0.6464287500000004
0.8777835941003441,0.8017688162809412
0.840398833333333,0.6464804166666667
0.9126200476190478,0.8382699761904763
0.8415389297646797,0.7673869015567764
0.7718944283494283,0.748592862096237
0.842028344766345,0.7548035213161025
0.8436379772727279,0.7927261792929292
0.7584052777777777,0.6277880332445338
0.8387348774281275,0.7703249052059049
0.8436465213952711,0.7719794636376696
0.8978191803196802,0.8232079636474643
0.7890319804639807,0.7211895866633371
0.8755086904761912,0.8321201190476186
0.8692788235375738,0.8125277544122548
0.821108333333333,0.751874166666666
0.8270100000000009,0.62185
0.8419142564657566,0.7668260033757092
0.8391741307026307,0.7843477931414988
0.8812298404095903,0.726456822871573
0.8357944164169165,0.7565347244185555
0.8572302548562554,0.848813473429349
0.858778756438006,0.7906858573648579
0.8093373852813849,0.6181412099567103
0.8619341079476079,0.8091781562881569
0.8815685466200462,0.7754248273393268
0.8622502070152074,0.7378042945942949
0.8297972936507938,0.7195131368076362
0.8605379999999998,0.7137060000000004
0.8532080537518041,0.7343331806388056
0.7955044998057496,0.767737282083113
0.8461437320457317,0.7415820174310984
0.8408337839382841,0.7503332586065896
0.8851497968697971,0.8400036910311911
0.8712900530303035,0.7644777287475597
0.8386374999999999,0.7546698809523814
0.8582185515873013,0.7912066865079368
0.8269726078088582,0.7875503772477527
0.853778119047619,0.736086170995671
0.7788375876623378,0.7214158740981245
0.8659473531191031,0.7950733316128316
0.8781962499999999,0.8181457500000003
0.8435702435064936,0.7548590256132761
0.8326484246031747,0.8117565189393936
0.9001259393939393,0.8019469393939395
0.8548272581030081,0.7016062562160066
0.8430414255744254,0.7702363928889739
0.8369256006493504,0.7771091098484851
0.87740006046731,0.7308920463564216
0.8480758399655899,0.8047932154512156
0.843122043456544,0.7619143132880191
0.7821831973304468,0.639797230880231
0.9125653264790771,0.8250132471139977
0.7725640109890112,0.7572175549450545
0.8282868013098011,0.7150601796398045
0.7944615829170825,0.7106262100954598
0.8500768024198024,0.7760667983723799
0.8671675183705182,0.7368852096930848
0.8268473704906204,0.587643073083779
0.8866374652569661,0.7312918668414927
0.8794829999999999,0.7570503333333334
0.8609231739649238,0.7603031595349097
0.8017202268564776,0.742490742414448
0.8666031576756577,0.8674084114259922
0.8945000476190479,0.8299624761904763
0.8377033901098906,0.6517534102564099
0.8660550989843491,0.7657816247543303
0.8223468110500608,0.7322278092185589
0.8563117044344547,0.7432804990883305
0.8048647619047615,0.7996728333333333
0.8574379637862141,0.7874180594168902
0.8421417857142857,0.6907755952380954
0.8399009391441894,0.7702193366119178
0.8749773376068378,0.5455309935897434
0.8329172522755022,0.7621694013347764
0.8365278571428569,0.769355714285714
0.8297177053779556,0.7841259240938802
0.8271271742424235,0.7441996515151511
0.8404782446997447,0.7551230367728681
0.8250594996670002,0.7982569222485025
0.8407539680042179,0.7433856899113956
0.8726111666666665,0.6279121666666664
0.8253550582473081,0.7641385329670333
0.8820720059940055,0.7460245555555558
0.8141565706515711,0.6485098151015656
0.8826235119047615,0.5670848618881115
0.8705771176323678,0.8180807988955492
0.8215718222610723,0.7499022043136605
0.8362542606837602,0.6066988860028866
0.8560800441780445,0.7601206655746212
0.8632654071761572,0.8210399700340516
0.861625566045066,0.7516796696538754
0.901695920995671,0.7328273315850816
0.8646971111111108,0.7470954680735936
0.8732656602564106,0.7995946800699305
0.8229269446109443,0.7602720149197211
0.8887944393939393,0.8841537705627707
0.867411965811966,0.8107160372127876
0.877262837745588,0.752179036342742
0.8725000807525802,0.7502079594572096
0.835486538572539,0.6832695873432121
0.8921156666666658,0.7166376666666658
0.8685762436452434,0.7505199005716507
0.7949787500000004,0.5146637499999994
0.8810388878066377,0.7400175799062053
0.7885782517482518,0.7019388117715615
0.8641743293650798,0.7190008373015876
0.7274452870185373,0.6858961803653854
0.861625566045066,0.7516796696538754
0.7998401363081367,0.7569735369116181
0.797826386890887,0.7839132800712361
0.8751204188311691,0.7912774777167276
0.8357944164169165,0.7565347244185555
0.8743236495726495,0.8056263055555556
0.8089203333333339,0.7984200000000001
0.8357105263070264,0.7516334649557962
0.800280487040738,0.7239029640637142
0.8365889735542237,0.7533450207888519
0.849675683927184,0.8057815973095537
0.887671666666667,0.7356237500000001
0.7723080065767566,0.7038486224608724
0.8789752777777781,0.7983205555555553
0.8567565110445108,0.7612945669191921
0.8327805252525254,0.7787968503204312
0.7998401363081367,0.7569735369116181
0.8370718143800646,0.7655204137292447
0.8612606769230758,0.6306711076923078
0.8329312298257302,0.7669740718627778
0.834393122655123,0.7705099143119949
0.8784831786546791,0.8381666217116223
0.8392241031746032,0.7496200476190475
0.8460639617049618,0.7950100432247492
0.8528060000000001,0.7028653333333339
0.796338805555555,0.7346817954545454
0.8415871771561773,0.8228561745615498
0.8547645054112555,0.6967488578643575
0.8750822729492725,0.7527389772727274
0.870588648851149,0.7043395400432896
0.8640099178044178,0.8021463112581863
0.8642576107503613,0.7066366558996561
0.8786787435897436,0.7477931829836826
0.8883427332667333,0.7406351919191922
0.8807460714285712,0.7983107142857144
0.796557565545566,0.7125065595654343
0.8537037499999998,0.5780970454545455
0.7701588560606061,0.7446350281385284
0.7660197041292038,0.7019583027528031
0.8397778398268402,0.7647928259379511
0.8415272584360086,0.78629585493673
0.7468441824009326,0.8062027196969695
0.8554104353701856,0.7853107935536687
0.8516145584415586,0.8363952682178935
0.8793153888888888,0.7380166801948052
0.8740559422799419,0.7762297007575758
0.8190822738095234,0.7174256726190477
0.8733139737484747,0.8318943399100905
0.8849732854367853,0.8454003205446523
0.8342416252913754,0.7502740530621341
0.7657256562049061,0.7431377099885408
0.8064622857142855,0.7290934285714286
0.8558963428238429,0.7743091854575168
0.833532346625596,0.6530962512210009
0.775043785714286,0.7991064285714289
0.9217255894660898,0.8930828537475597
0.891276410977911,0.743023285797536
0.830489488261738,0.764188158359614
0.8289931006493505,0.5746993262987009
0.8287709209401707,0.7578720967643465
0.8367081313131315,0.7281253383838385
0.8835149116161614,0.8192334318181819
0.8783199326229331,0.7877497421091975
0.8271137275779781,0.6600302083749584
0.842265064158064,0.7368478106893099
0.8051019253246753,0.6361491345598846
0.8232585580808083,0.7800045183982682
0.881080872155622,0.7249114457070711
0.8825187536075039,0.8223072078240388
0.8319359986957486,0.816705426850927
0.8918336354201354,0.8279085572940137
0.8136660119047621,0.7541850000000002
0.8404782446997447,0.7551230367728681
0.8474241046176049,0.7966023088341401
0.8488361444111451,0.7178846043817296
0.89801591025641,0.8610731054778552
0.89198443939394,0.8694419848484851
0.8462363588078585,0.6937867467532469
0.9087526688311691,0.8654141683218746
0.8618801800144297,0.8208954769119771
0.8504044704184701,0.7674741753801748
0.8636302637917638,0.8144308216546527
0.868062756937507,0.8325261986763237
0.8503692086524585,0.7466320329670331
0.8760866047008551,0.7865449921189925
0.8474066564269062,0.7127370519896771
0.8366793086080584,0.7706663996281499
0.87848583960484,0.7594207744657302
0.8879737142857141,0.7423947142857148
0.8527309206349206,0.738847523809524
0.8528633835608832,0.7741868133990191
0.8581952075424578,0.793555637838469
0.8784023612776114,0.6949684218004224
0.891880353174603,0.8803367521645028
0.8359849246031749,0.6947964523809523
0.8436629354256853,0.7328865939754692
0.9176072355144856,0.842207069920276
0.8113191353091352,0.7867923538724348
0.8536415756465763,0.7642792488622492
0.8738943971861478,0.8336312087814152
0.8449681501553999,0.7761437823426576
0.8352164824619832,0.7635657699245203
0.8254008225108226,0.7037094036796543
0.8965583333333333,0.8303633333333333
0.860448547979798,0.797330727272727
0.9537491666666653,0.8923798809523815
0.9209556666666667,0.8531390000000001
0.8414599804084802,0.7613565211357269
0.8329649107004106,0.7907117494033749
0.846211947802198,0.7855683404928403
0.8853926589521588,0.7800018003565069
0.8779362620712621,0.7160933514541017
0.8482161830669331,0.7302121339216342
0.7723625915750921,0.786865444888445
0.8486259999999998,0.6668543846153844
0.8608752941780444,0.8427783653984906
0.8707905186202689,0.6940639285714282
0.8616584598457107,0.7726027498098311
0.9288728701298703,0.8825504989177495
0.8529562590187588,0.7769058640844448
0.8607539870129868,0.7356925324675327
0.8653082619047622,0.6760334047619047
0.9083114101731605,0.8892595335497836
0.8653589444444438,0.7887241666666667
0.8557576904761907,0.7584347619047622
0.8597304166666666,0.7676266666666663
0.8443468050005553,0.7757157465214525
0.8041061878954382,0.7404135430680432
0.8323094089521591,0.6779025501443
0.8127852251082252,0.7113860800865804
0.8638499613442111,0.7882770361582861
0.8674318903318905,0.7325108160173162
0.8164898376623373,0.7457462256493507
0.8483518787323792,0.7687248288794544
0.8710166180486176,0.8055414701964699
0.8589428322510819,0.7302724339826842
0.8307588603618608,0.7711624896671959
0.8831536428571425,0.7369255476190476
0.8550382820512817,0.8480235461107523
0.8796286190476192,0.7397362619047619
0.8795743836996338,0.6678974621212128
0.8516387731157735,0.7536649194694196
0.7883009523809517,0.7200180952380951
0.8997113968253967,0.868260761904762
0.8412231310356303,0.7012858810397127
0.8660136974136976,0.8007134744699747
0.8898360010822511,0.8139381883116888
0.8008893918581417,0.7873709482878233
0.8475421541791544,0.6973863491092245
0.8393739895382395,0.7873098394660895
0.8708632227494734,0.8077654218738783
0.863955721861472,0.7736705057067111
0.8771351165223666,0.8112431098484854
0.855851247779998,0.7346410208818962
0.8256579087301589,0.6807220793650801
0.8629451706071707,0.7414567095445409
0.8314914086191588,0.7497874935383245
0.9223785000000001,0.8635728333333332
0.8686827782217784,0.793337761960262
0.8607500569708073,0.6898451059218561
0.7891259865967364,0.6189643251193256
0.8800152049062048,0.8243971778499283
0.8922312688422691,0.7237578337495845
0.8550238053058056,0.7805464091227402
0.8303297961760469,0.681032546356422
0.8371300634920635,0.7911594285714288
0.8133258928571431,0.6133336428571426
0.8562353867521365,0.7433797702754761
0.7759618333333339,0.7778818333333334
0.8169630201465194,0.6445696324786324
0.8278791666666667,0.7993576536796536
0.8574237583805087,0.7685835382950379
0.8417856469641477,0.7378440083805086
0.8785944090909088,0.8333027987012984
0.8236233896103896,0.7692669757881008
0.8260102168942174,0.7230559513166576
0.855847194805195,0.771793390512265
0.8418307347929849,0.7670966537531096
0.8190414360916862,0.6151630827783322
0.8884013979353986,0.7014233363580863
0.9248040000000002,0.8664929999999997
0.8345120354645357,0.7599684863233175
0.8909225000000002,0.8722600000000006
0.8870452175602179,0.856334213342214
0.8287709209401707,0.7578720967643465
0.8952285175380176,0.7743757406204906
0.8615385877455874,0.8699170163170165
0.8333383009490513,0.7912463807303811
0.8510064725829729,0.7422161002886007
0.8579179877344879,0.7461540008047504
0.8129959642857147,0.6988842242063492
0.8807806944444445,0.9003105769230768
0.801340913919414,0.7015430787268283
0.8548984235209239,0.7743528940544748
0.8706705958208454,0.7350473645382398
0.8238135703463209,0.7336374588744587
0.893627886363637,0.7972548508615566
0.840611670773671,0.7628424840853593
0.8745129819902323,0.7601902675698488
0.828766482628483,0.765706721490927
0.8713413785103795,0.7944625984709732
0.8638963968253967,0.694403761904762
0.8734625213675212,0.8254718705461208
0.7787376575091575,0.642536818681319
0.8541257364302361,0.757385426129426
0.8641894999999999,0.7156461590909095
0.833532346625596,0.6530962512210009
0.8921251944444445,0.761468055555556
0.8865952884615385,0.866945333333334
0.8835291904761904,0.7324272857142857
0.8669417956210452,0.7177153937353493
0.8808936857309356,0.6214280698884445
0.8515318462925958,0.7474066718461279
0.8106330376845376,0.7805693395950455
0.8304519534354533,0.75068529859438
0.881277225108225,0.778700121753247
0.8246800000000007,0.5904699999999998
0.7829142857142861,0.5485814285714287
0.838048619047619,0.7354784285714286
0.868062756937507,0.8325261986763237
0.8782427267732268,0.7409506935425685
0.8944405943778445,0.698945264124765
0.8484360215895218,0.7779836316918377
0.8358905453990458,0.7893318801615054
0.8657964978354982,0.8286648946608954
0.8653570157342655,0.7227253352758354
0.8483113333333331,0.757331666666667
0.8870197888222884,0.7773176534576529
0.8355656664169167,0.7563084744185555
0.8890997383172383,0.7325676444805198
0.8239146007326009,0.7065453811188813
0.8670525319957825,0.600636935564435
0.7856045252525254,0.6730354125180379
0.8293105074647577,0.6558648857808855
0.8463926620601622,0.7645899831002332
0.8735909262681761,0.7079049592352095
0.8521724908424906,0.8145131796120549
0.8839301803196803,0.8267947539029598
0.8408622442279946,0.7492728333651648
0.8067558376623383,0.5875046136363644
0.8711116759906762,0.8305121905594409
0.8452308286713293,0.7499434451145263
0.7902392117049615,0.7232157802059056
0.8051019253246753,0.6361491345598846
0.890095396825397,0.8338157619047618
0.7799012673992674,0.7065242254869315
0.8154450530303035,0.5584991515151517
0.8357944164169165,0.7565347244185555
0.8553440752580751,0.6994731627539125
0.8725537857142862,0.8102455476190478
0.9236343071650566,0.886977652847153
0.8579943987123991,0.7889375060397121
0.8599562393439899,0.8055126096444412
0.8707905186202689,0.6940639285714282
0.8315897219724719,0.6993485392662899
0.8440246393328894,0.7546609766344762
0.8967210634920633,0.8042824285714285
0.8302533059995565,0.7194010375082436
0.8661913938838943,0.7714508484750544
0.8743920230325237,0.7839254703213452
0.8601358745421247,0.8098751025918526
0.7693614999999994,0.7587649999999994
0.8648820912698412,0.7451864204545459
0.8612433800366306,0.7218145541958039
0.7840216666666667,0.7311505882352946
0.8279082779442781,0.7718981014859325
0.8583114765234761,0.8047579251859254
0.7762317534687537,0.7281520297202799
0.8077714551282054,0.6463322500000003
0.849436282273282,0.71633241963592
0.801680000000001,0.6969268333333346
0.879021232045732,0.7952588286337844
0.8700088003662999,0.7355799166666668
0.8212612850205347,0.7355410212328521
0.8704043241758243,0.7022109285714283
0.8406499517704521,0.7260521940004443
0.8015413337218337,0.6845794550727057
0.8737182673992681,0.8740726364191366
0.7998804696969694,0.7895254203060013
0.8641756128593626,0.5910638037101784
0.8689364542679543,0.816811059749891
0.8490792857142858,0.7811847619047617
0.8264749473304469,0.7899302240259745
0.829682908841159,0.7565517534589594
0.8257729204406707,0.7318552993811746
0.7845099166666668,0.6441554166666673
0.8959185955433456,0.8071128222888224
0.8125675000000004,0.700908
0.8565758982683979,0.5459765562770558
0.8330031723831733,0.7352206043303106
0.8952744286546792,0.7882187560397127
0.7603710914918416,0.7993891515151514
0.8564912499999998,0.6956507954545456
0.814947646603397,0.7263170890400452
0.8631618772061271,0.7213263529011843
0.9022749321789327,0.8605455173160176
0.8792784023199027,0.8026692326186889
0.8957988665223666,0.7959976553030306
0.8529501811799313,0.7977892807192809
0.8575610052170056,0.7031174135031634
0.8418425034132535,0.7667762375304433
0.8730451953879451,0.7312880820707073
0.8259677272727273,0.7166509393939394
0.8659117064324569,0.7777198359042918
0.8806034103951599,0.7696466632395385
0.868482356282606,0.7663012272727273
0.7839960757575752,0.5997000173160173
0.7871499166666668,0.6493254166666671
0.8636569819069818,0.7096194538794538
0.8823033333333324,0.7754288333333333
0.8520121191586192,0.7985021606310354
0.8766238922188927,0.7785866685259184
0.7677119545454542,0.6341073766233764
0.8318484523809525,0.7662705573593074
0.8460730793650789,0.7615495963203464
0.8656535912698418,0.7238783095238097
0.8943338990176491,0.7281934662282161
0.8630710273060277,0.7562168367188358
0.8383677632367633,0.7532786653942464
0.9269010150960151,0.7584668576146076
0.7548245833333326,0.6053620833333326
0.8918466507936507,0.910265523809524
0.8429743106060608,0.7665685928834236
0.8753020250027751,0.843242940730022
0.8354258691863697,0.8475775141525138
0.8735228174603177,0.8509409603174608
0.8714765238095242,0.777245119047619
0.921116438977689,0.8106603583083581
0.8532608903318908,0.8229121450534765
0.8047621111111113,0.8070067420634921
0.8516051717171713,0.8445804848484849
0.8323534420579418,0.7549234329836827
0.8407704234654239,0.8321835377816632
0.872822079365079,0.7714260407647913
0.7951293333333332,0.6297919999999997
0.8648263827561321,0.6850993068181821
0.8374627329059823,0.8430549702797204
0.8563015214507719,0.7722225246322303
0.7796748017260516,0.6961447284382285
0.8348760830835832,0.7553238910852222
0.9023623333333322,0.721827666666666
0.8471757857975356,0.7428690565725127
0.8526136702741707,0.7393442186147183
0.8915993528138523,0.8360657992742556
0.8314308529526028,0.7508017793040297
0.7609626269841265,0.5925108095238093
0.8305868816461317,0.7698069304723058
0.8631236722444222,0.7557966389345947
0.8185185915750917,0.7696740282217784
0.8688939356476854,0.7433204814213566
0.7976645314962814,0.7177849070831134
0.7741779025419028,0.7214697060717061
0.8310008333333333,0.7131175000000003
0.7990818095238104,0.6679658095238107
0.8239681272893773,0.6598651181041185
0.7903404400599401,0.7509832845349095
0.8476315833333331,0.7780244444444446
0.8837210875235877,0.6923726118326123
0.8366188724053727,0.7357698293969105
0.8534382726717727,0.712809146908647
0.8572539437506945,0.77110469872203
0.9245337499999998,0.879065
0.8591453164058163,0.5902315303169051
0.8826604202464198,0.68936899886633
0.7931220557220557,0.7218226925296928
0.8954780717615722,0.8590250525585528
0.8242845833333331,0.7482986111111112
0.8604453730991236,0.7719948835233393
0.836796988761239,0.784351970737596
0.7757619285714286,0.6970592500000002
0.9040556666666656,0.7271976666666659
0.8770912610445107,0.763797318722944
0.8449719789377284,0.7554291788073038
0.8612601498778997,0.7247747413183226
0.8549300570263079,0.7593662418414919
0.8709504859307359,0.8134934169302924
0.8642213653013655,0.7077652705627706
0.8448586666666671,0.7404404444444447
0.8476092712287719,0.7370252139804647
0.8684244920634926,0.7654565105450096
0.8759418095238095,0.7397463014069265
0.8008797342657344,0.7464339833401893
0.8726732424242424,0.71954468975469
0.9066810000000004,0.7917789999999998
0.8128266388888891,0.7603912411616163
0.8443704910644909,0.7737401988289488
0.7899684808247315,0.8165736009684759
0.8820992808857815,0.7634202882395382
0.8882101666666667,0.5465406666666666
0.8628439066489072,0.6031584769299327
0.7431326468253973,0.7297681746031743
0.8345133182928184,0.7247642943167942
0.871413197330447,0.7635303282828283
0.8178849166666667,0.7670209722222222
0.8617079832667329,0.7470736899350651
0.8367302176434673,0.7700875773572834
0.864940583333334,0.7319624999999997
0.8164124005716501,0.6329463770673762
0.8428689269341768,0.7507335258352758
0.8872466736041739,0.7633831443556446
0.7854499166666669,0.647175416666667
0.7986018809523813,0.6507943571428573
0.8437353280330782,0.759849572903404
0.8854295757575761,0.8342300173160174
0.84027389957265,0.7230294771241834
0.7892510037462536,0.7373187656828462
0.8642545376012878,0.8089460835594146
0.8907362820512823,0.7085396800976802
0.8001990061050059,0.6963005641303144
0.9082766666666666,0.7944066666666668
0.8560167896825395,0.6599554772727276
0.8245214374791879,0.7273500480532534
0.8839103030303036,0.852410582824039
0.8618079426684431,0.7759879442126502
0.8558021156621147,0.5981128872655118
0.8745164661172161,0.8753021289584598
0.8626026998556996,0.7908033483877233
0.8868456666666655,0.719857666666666
0.8663844597624597,0.8137198665958231
0.8329238182095682,0.7486555881479636
0.8559401748251747,0.6772307318139376
0.8418688333333342,0.5903606666666662
0.8691976324786327,0.806032370546121
0.8802244832667333,0.7245272790404041
0.8520068098845599,0.7985705487012988
0.8629431439393938,0.5803376838578085
0.8035127330447335,0.7129058252482809
0.8444036153846162,0.7499238723776227
0.9062885372405372,0.8719908594501902
0.8771016230158731,0.786142377251833
0.8177655000000003,0.6131080000000003
0.8236399327616816,0.5392295858585855
0.8979167289377287,0.8265738739495803
0.845153416666667,0.7519694166666672
0.885684366883117,0.8111114013666072
0.8257799065101562,0.7524081200645757
0.8484100876068374,0.7512483547008547
0.875853207792208,0.7985123556998562
0.825717378177378,0.7693145940073001
0.8727738290875793,0.7880676956654458
0.8353510865245868,0.7506936022311024
0.7894393253968254,0.6532711406926411
0.8328723376623376,0.7594603923160175
0.8736257365967361,0.8741504728049732
0.871033333333333,0.6107458333333333
0.8493434473304475,0.790610285704492
0.9236196403318904,0.8473286038961038
0.8259357564657565,0.7226131353785106
0.8455222857142851,0.6986324761904761
0.8631013363025858,0.5749738832001328
0.816040570818071,0.7068262527472529
0.8281102008269505,0.6455400978049726
0.8230669444444441,0.6699038888888889
0.8193534702797204,0.7625248305207866
0.8647757458374957,0.7520483285464536
0.8675389261294261,0.7630887735042736
0.8338247823565327,0.7570558001859257
0.9036124039016541,0.7430864982517487
0.8367769841269836,0.7259633333333332
0.7546600000000002,0.7948366666666671
0.8770491780719276,0.7406262162698415
0.8469325557775553,0.6509560930735931
0.7653221824009324,0.7926847196969695
0.840398833333333,0.6464804166666667
0.8496983809523807,0.7258307142857148
0.7938854578754581,0.778221886446887
0.852294485819736,0.7186090367867425
0.8680744866522369,0.6156184291443846
0.8591980493672996,0.8004585272782778
0.9065855555555552,0.8174791666666664
0.8963383134920629,0.8149472500000003
0.7511574324009325,0.8011047196969696
0.9220675476190477,0.865569976190476
0.8289798370795874,0.7608348928473485
0.846456313797314,0.7376896948884454
0.7664602616272611,0.6621769596139153
0.8273214285714279,0.567838571428571
0.8685953096903104,0.7391423441460503
0.9341614050671552,0.788914102203352
0.7675069761904765,0.7404866428571434
0.8750822729492725,0.7527389772727274
0.8543089503274505,0.7665306982641544
0.8383555912975911,0.7269548427544682
0.7832309841269839,0.6694970000000001
0.8233839013209014,0.7951572780969031
0.852443763375513,0.7012273127607691
0.8247499999999995,0.6031499999999996
0.7984938582251084,0.7140404669913424
0.8790444102564101,0.8103406420425984
0.8613244024586524,0.7012057606421361
0.8713413785103795,0.7944625984709732
0.9138872373182368,0.7997406800976806
0.8849355951825953,0.8033686417332673
0.8873625693750689,0.7847127400238655
0.8288486025641023,0.7626608762944567
0.8510382222222219,0.7658872460317458
0.8256336334498833,0.7338309669399229
0.9055233888888893,0.8700913333333337
0.8705771176323678,0.8180807988955492
0.7817855591908089,0.6893572772227773
0.9101826666666665,0.7980503333333333
0.9014256666666653,0.7275476666666658
0.8114998917748915,0.7548320205627705
0.8742864321789325,0.8232008685383245
0.7664680833333328,0.6528112916666664
0.8681590732323236,0.8096438858543417
0.8471804761904762,0.6367664761904761
0.8653612605727605,0.7301089772172277
0.8510790440392939,0.7598069104824916
0.9182025476190476,0.862549976190476
0.9055233888888893,0.8700913333333337
0.8774178333333333,0.8458842424242424
0.8227917857142855,0.7098189285714285
0.8063148488733489,0.6681255839160839
0.8538007614330115,0.8276445639776894
0.8758222559940058,0.733943763888889
0.8285591935286939,0.74168752388298
0.8414179814074817,0.7548127243312241
0.838942857142857,0.7515757142857147
0.7682660000000004,0.7984673333333336
0.9004256666666655,0.7264876666666659
0.7591467884615385,0.81258
0.8808831618381622,0.7313977433261185
0.860467308441559,0.791782
0.8425737301587303,0.7541557579365079
0.7677163333333337,0.7635493333333341
0.8384852712287718,0.7533762931969996
0.8360524649794653,0.7342110870697934
0.8635113321123324,0.7968426859529363
0.8650786735209234,0.7690995990578058
0.8848172364024864,0.8379782243353056
0.8766066053391054,0.7788689824064826
0.8526279472749476,0.7699885316807373
0.8800467063492063,0.7252191666666667
0.8363510592740592,0.7605101619254927
0.8765155009435004,0.7291954550865802
0.8591137806637815,0.7384693225108228
0.8301825336607839,0.7965882401111963
0.8476025464812964,0.7939909892607393
0.8685148917748926,0.7825553213355276
0.8835364260461757,0.7464762646103899
0.8608165243367745,0.7946895080932146
0.7797468333333333,0.6423194999999999
0.8758477237484746,0.8346426341297591
0.8823486020923522,0.7319838598484851
0.8694804578754578,0.7800929473859475
0.8564252976190475,0.7750866758241759
0.8455430684315682,0.746502025783857
0.8151506917804419,0.7281201493922747
0.8420330833333334,0.7794538133116886
0.8367553255078256,0.7461477547215858
0.8438445148185161,0.6272894722124284
0.8406553268398266,0.650696853896104
0.8667620646020647,0.7728834905788656
0.8552844119214117,0.8053993119837679
0.8834246418858921,0.8584330726218228
0.872504994810745,0.6953022142857138
0.8877453333333333,0.818477277777778
0.853872150876901,0.7755028190420693
0.8570673205128208,0.814248294871795
0.8533696666666661,0.6689391428571431
0.811952294733045,0.6422366616161619
0.8337815970695971,0.7012677263153507
0.8031253333333339,0.7145630000000002
0.8395355202297702,0.7595871790015548
0.8938340328282836,0.8562154393939402
0.8460637046287047,0.7239188836163835
0.8373893030303031,0.7740291780303032
0.8713413785103795,0.7944625984709732
0.8119935645188147,0.7850671252636251
0.8890997383172383,0.7325676444805198
0.896597987012987,0.7050789870129874
0.8726079642857141,0.7597221834733893
0.8580322507492508,0.7707562142759206
0.8893176536796539,0.8273154848484852
0.8722681141636143,0.796096143495394
0.8821604327616827,0.7626145025252526
0.8512576190476192,0.7819914285714286
0.8181899999999998,0.7994100000000001
0.9365481071428567,0.9494784572829134
0.8431719898712394,0.7820376510474819
0.8294146476301478,0.6999905895077149
0.8784515617160625,0.8811372815240319
0.8776727777777773,0.8309870472582973
0.85128547044622,0.7590376520979024
0.8339415909090913,0.7793317348484845
0.8451217529692531,0.7671913189588192
0.8851736666666654,0.7348750952380944
0.7871698650793649,0.4997943809523804
0.8848705887445883,0.7806241313686307
0.8458669246031749,0.7165378430735934
0.8794613243145742,0.7933054524960332
0.8364394204406704,0.7582694909298219
0.8830299816849818,0.7373533980463978
0.798289023809524,0.6474861883116884
0.9243042857142862,0.8289114285714286
0.8672527380952377,0.6533317142857149
0.8843067452824951,0.8526934846819847
0.8376775339105338,0.7571645331890328
0.823767400793651,0.7672288809523807
0.8689202189199692,0.7460744030414033
0.8339917449772453,0.7163231067682321
0.8356579717504719,0.7577176591227403
0.8546029166666667,0.7589138468614718
0.7902032542735042,0.8234337217643468
0.7894393253968254,0.6532711406926411
0.8905708333333334,0.8038501666666668
0.7624214999999994,0.7670549999999993
0.8753901575091575,0.7277990952380948
0.8413883333333335,0.7696610000000003
0.8485249925907425,0.6913239672549676
0.8558859761904766,0.8207817023809524
0.8500059253246754,0.7476135776764083
0.7705365863025855,0.7102632589771336
0.849502840492841,0.7414166472693973
0.8390763974913975,0.7275974773559767
0.8630647575757577,0.7227168080808082
0.6901350844155842,0.5714220054112557
0.8359978334165836,0.8268966766983019
0.8627790808080811,0.7520319680735933
0.7584718575036075,0.7433431910491471
0.7793253523976026,0.7359474874569873
0.8343422231102231,0.7518340103548415
0.8656495238095238,0.7789757142857145
0.8628593358030863,0.8389666000151813
0.8439267063492067,0.6398519047619049
0.8508933632201129,0.7872816056345614
0.8590146654734151,0.7839491164154473
0.8464932398434898,0.764020611975443
0.849588833333333,0.8369742857142859
0.8584891076701077,0.7537726268176267
0.8718359645077152,0.7785001365758424
0.8423257622655129,0.7526976482267735
0.8584078571428568,0.5730602380952375
0.8679629154456648,0.7747497281746034
0.8597486928626931,0.7828603757672067
0.8064388127150633,0.8181487315046067
0.8113719155844151,0.6723974610389613
0.8289044999999998,0.656639166666666
0.8019927251914751,0.792253342078673
0.8594125990120998,0.8163167380299445
0.8300969690864687,0.7400748286754097
0.8837727846320343,0.592719469155844
0.8452731401098897,0.7727024929000739
0.8345120354645357,0.7599684863233175
0.8316154049006552,0.7590078770673775
0.8645251928904429,0.8174511031509347
0.8647875694860696,0.8183469015151513
0.8408429669219669,0.7889316901570657
0.9055233888888893,0.8700913333333337
0.8521955952380946,0.5470297380952377
0.88260439033189,0.7449087288961042
0.8872772857142853,0.7521680952380955
0.8733755609668106,0.7322238338744591
0.8352185056610061,0.7276446636696641
0.8665719658119662,0.8110260372127877
0.8307196664446664,0.7609032233877232
0.8380667277167281,0.7922663824786328
0.8316127900432897,0.7327080551948048
0.7602398378010878,0.7280172313242317
0.8553749776057277,0.7198358122710625
0.8921600095182588,0.8279419178321682
0.8561496316183821,0.7817159300699303
0.8238135703463209,0.7336374588744587
0.8428839817682321,0.7730252075881636
0.8867895384615383,0.8445100000000003
0.7747677358752356,0.701676296980797
0.8685387023809524,0.7366495535714287
0.8519889314019321,0.7512675228007288
0.8546350566378064,0.7126991583694084
0.8474446125541124,0.6857626158008663
0.8291058477078482,0.7081003400904651
0.8382542221112219,0.7875154318500128
0.8619508318348313,0.8536372347097348
0.7972971432178939,0.8264240777972026
0.8809124603174603,0.8388323888888888
0.8431550228660227,0.7725606772671769
0.8537463658841159,0.7792497612387614
0.8652830768398269,0.7252398338744592
0.7980148937451434,0.7676994639012947
0.8630209058441557,0.7670834468211521
0.8533423196248195,0.7806371713564215
0.8558619038461543,0.7164357913336658
0.9095863333333335,0.7978943333333334
0.9162076759906761,0.8704846829836831
0.8332107442279942,0.7931172932900433
0.8614199999999994,0.8252000000000004
0.8102283186813195,0.7117613626373626
0.8847234499389499,0.7683828012820514
0.7900035670995669,0.5924387943722944
0.7944666480463977,0.6614826939865692
0.8575692599067601,0.6939499474039035
0.83186123931624,0.805084576923077
0.8656914645909647,0.7271316184093686
0.8354459052059048,0.7720907882950381
0.8953786297313802,0.7062165238095247
0.8398565982905989,0.7819335389749139
0.8732907571595073,0.8313714258241756
0.8682921969696974,0.7781962005119064
0.861260598568099,0.7741153941752692
0.8538370970695971,0.7865699279886782
0.8536688075258076,0.7144251722999226
0.8237696901154397,0.7806237570248378
0.8201473426573425,0.7662107226009283
0.8399009391441894,0.7702193366119178
0.8359681658896656,0.7067469048174044
0.8750594540459542,0.8333302601565107
0.7898765227272725,0.6946383282828286
0.7617884285714278,0.7632615714285707
0.8676197510822513,0.8155482673992676
0.8588970054112552,0.7059954967532468
0.8483113333333331,0.757331666666667
0.881251333333333,0.7317926666666671
0.8404952362914859,0.7611913691031195
0.835955451825952,0.7486533408535913
0.911301255411255,0.7557515800865798
0.7945073095238102,0.6726153095238105
0.7969566433566428,0.7365867057109554
0.8490297732267733,0.7594034948523699
0.8665863034188035,0.8396376669857923
0.862838697635698,0.8662135520313025
0.8424056653346652,0.7582188326436636
0.8434246428571431,0.7979634415584418
0.8357944164169165,0.7565347244185555
0.8653613350815845,0.7828574583749588
0.798212347707848,0.7517125908992969
0.833532346625596,0.6530962512210009
0.7867263662726159,0.6120252621822623
0.7797800311077814,0.7276520187769748
0.7675069761904765,0.7404866428571434
0.8324657794427798,0.6562943917748918
0.8435846167721173,0.7481892870185378
0.8750594540459542,0.8333302601565107
0.8631035137917635,0.6886436332556335
0.7949787500000004,0.5146637499999994
0.7772622207792207,0.7308623208874461
0.8553752820512815,0.7456817728937728
0.8523697499999995,0.7597815238413551
0.8499307051282049,0.7681041972055722
0.8346616666666665,0.8097429166666669
0.8657481392773897,0.7624600788141603
0.7902633348595849,0.6978901590256155
0.8544127383172385,0.8047724830349392
0.8452836020368525,0.7455627850107416
0.8296362045177041,0.7361926611484924
0.835505950160951,0.7347856043303105
0.7659147500000002,0.7993719999999999
0.8199211363636358,0.6170266515151517
0.8810545388222887,0.7286274457070709
0.9233334418636923,0.8780402445234506
0.8022659494949493,0.7176097058080806
0.8837513018925519,0.5710520888278388
0.8736545833333327,0.7997138012820507
0.8216528257575751,0.7463613560606057
0.8852283011155511,0.8584291923215676
0.8951242896825399,0.8100403656759909
0.8227794523809522,0.854525095238095
0.7579914999999993,0.7549649999999991
0.8675745972083471,0.7723425372960371
0.8356936363636355,0.5589398181818175
0.847536266955267,0.7516651477272724
0.8801085466200462,0.776514827339327
0.8709984466921966,0.7917554010572764
0.8200183870296371,0.7578613121878124
0.8730451953879451,0.7312880820707073
0.8299079358974353,0.737992585900211
0.8348758834498833,0.7328282034117843
0.8607539870129868,0.7356925324675327
0.8749612424242428,0.8373833261738268
0.852495539044289,0.7899131873959371
0.9203293834221336,0.8700493078033082
0.7731246359890112,0.7528381799450549
0.8497459137806647,0.7579051621572873
0.8357065482850485,0.9005679500222001
0.8179129166666668,0.6313129166666664
0.8420368027805527,0.7611042092670405
0.831618333333333,0.8127999999999997
0.7747887595182597,0.7110484333444336
0.8309462526085026,0.7752048333194586
0.8154152622100126,0.7356450665168167
0.8852939949494947,0.902494313131314
0.8001990061050059,0.6963005641303144
0.8207393333333337,0.8125483333333335
0.8670989761904764,0.7659704761904768
0.8723560808080806,0.6918497943722938
0.8631800292207792,0.7321921991341992
0.8920599999999999,0.7172460000000003
0.8311003933566432,0.7591985769230767
0.8220715027750028,0.8110383743519555
0.8517881617826616,0.6920647506145821
0.8853948470418476,0.8497211266233766
0.8827250000000001,0.75003
0.871494666666666,0.5970086666666667
0.8556034148351651,0.7969833754578758
0.8579269703074704,0.8063846427224736
0.8366188724053727,0.7357698293969105
0.864302337024087,0.7191018813963812
0.7994944332611833,0.6281444004329003
0.876883623626374,0.8133398301004554
0.8012340035797534,0.7013442484737489
0.8824544502441998,0.7368656804208865
0.7813021833999335,0.7293335702810265
0.7990818095238104,0.6679658095238107
0.8740923839216337,0.8052270872085435
0.8423218888888884,0.7554183095238097
0.8100267263569763,0.7567989201076702
0.8713413785103795,0.7944625984709732
0.8759355451770454,0.776528870546121
0.8264492427294924,0.7705203691626997
0.801680000000001,0.6969268333333346
0.819353208097458,0.720511257298257
0.9220675476190477,0.865569976190476
0.927329166666667,0.871659880952381
0.8953857777777776,0.7613045000000003
0.8797296666666665,0.8219500000000002
0.8050698585858582,0.7683519015151515
0.8143030952380951,0.7130517279942277
0.8640354884559881,0.8539521492021055
0.8370718143800646,0.7655204137292447
0.8436888262293262,0.7639061681414993
0.8531543614718611,0.7049918982683979
0.8639265443167945,0.7920455919399226
0.843825094849595,0.7516168134406446
0.856917502275502,0.764727873172579
0.7984197307414802,0.7538604471500725
0.8464923381340883,0.7923138508615569
0.8274408971306474,0.8045314032217783
0.8650842857142852,0.7314530952380952
0.7813005822510821,0.8030920562770564
0.8336516664169166,0.7595287244185555
0.8278995656288152,0.6939505697219444
0.868062756937507,0.8325261986763237
0.8564759816294816,0.545155573190698
0.8703909603174604,0.8298101111111106
0.8281521800976802,0.7837068290598295
0.8438432845765348,0.7789410843502903
0.8377495238095236,0.6978812023809521
0.8397894292929294,0.7317134237567992
0.8348010569985569,0.7745395046897545
0.7997298931623934,0.7632028671785734
0.8729471483516488,0.7253098113830607
0.8420623809523804,0.6503292380952381
0.8617400242535241,0.7685641087009397
0.8400944989177487,0.6915560173160173
0.7971829924242421,0.700682195887446
0.8810856387501391,0.6793799599567109
0.8247370016650015,0.7778064871517372
0.8719618845876344,0.8466525741244052
0.8696798050560547,0.7172458750000001
0.8371168485958485,0.7437658456306767
0.851420787906538,0.7646517364163619
0.8821784523809529,0.8872952380952381
0.8261372237484735,0.7938061881868133
0.8841617616272623,0.8368185613830622
0.7869009999999997,0.7384067083333328
0.8682550820290824,0.7987731790154291
0.7502765855810856,0.6510196270673773
0.8453236645299149,0.6257209871794877
0.7821299166666669,0.6438754166666673
0.8890841483516485,0.8143531800976801
0.8785050277777781,0.750101797619048
0.7725640109890112,0.7572175549450545
0.9003871190476191,0.846772595238095
0.8503375768675768,0.7749798709525767
0.8694842528305028,0.702271123515374
0.8910875199800207,0.7231294845709848
0.8283252601010104,0.7430998420231725
0.8744951111111114,0.7879278888888887
0.8796595716505716,0.7576069381313133
0.8692713007270512,0.7663579718516776
0.8757953792318794,0.7772527156634217
0.8031436944444446,0.6096738333333335
0.8121806480463986,0.7238804297924301
0.8795743836996338,0.6678974621212128
0.7680965753968255,0.7142995238095233
0.8265521865079366,0.7982845235320235
0.7890424618437117,0.7774588369963369
0.8548506417748921,0.7365047132034626
0.8827723253968258,0.8084904603174611
0.8771351165223666,0.8112431098484854
0.8430725877733377,0.747472773841355
0.8732371521811527,0.8326002262737267
0.8220893733211239,0.6968613785103791
0.8728775363247867,0.8636262948717949
0.8492809212176712,0.765909963744589
0.8423158936896437,0.7506016183579495
0.874193026223776,0.81951589860548
0.7675069761904765,0.7404866428571434
0.8452308286713293,0.7499434451145263
0.8475749751914754,0.779009806859807
0.8333071713841715,0.7429797096694155
0.8798084502997,0.8021042560078812
0.7814482380952383,0.7502705476190472
0.8295672147852144,0.7538409557109554
0.8770198858918858,0.7770564913003665
0.8741861499333998,0.7224014457070709
0.8372023015873016,0.7269341379870133
0.8380451210178715,0.7866231753385504
0.7790487196969699,0.8187725681818182
0.8984431786546792,0.7884695893730459
0.868062756937507,0.8325261986763237
0.8654377404817406,0.7686193181818181
0.8714551666666667,0.8094274999999999
0.8744448884726385,0.8162099509934511
0.8596969531024523,0.8881963341380846
0.8365377724775227,0.7039708672756985
0.8594571666666666,0.8041824141414139
0.835832971445222,0.7541673029372589
0.7882651785714287,0.6991013055555554
0.8275536745754247,0.7166289504384505
0.8637774852924859,0.78061895973471
0.8637140861915859,0.8039872277306027
0.8430204458874457,0.6942446991341993
0.8827214603174606,0.8080768809523807
0.8311422222222227,0.7164266666666669
0.8361015755078256,0.7469802547215859
0.8404662943445443,0.7145867801642806
0.8173309999999998,0.6429686666666666
0.8251818055555554,0.5631194166666673
0.8292783100233098,0.7432379557109554
0.8929566142191142,0.7215798181818187
0.8853674038461539,0.5799541826090574
0.8605340252525251,0.7788141371169686
0.8444497215284714,0.7232498656939466
0.825002161227661,0.7819043952991456
0.8134356041181046,0.7419318683163242
0.840565129398379,0.6916919136459946
0.8403196247641247,0.6809368617909872
0.8450612519425025,0.7267029910644917
0.8464950833333335,0.7094883055555553
0.8232471886724386,0.606148541125541
0.8426884791597296,0.7926688342213345
0.8362731587301591,0.7720623333333333
0.9290839577922079,0.9175224426961931
0.8244787896825397,0.8484472988816744
0.881438219197469,0.8225765151515154
0.8506121919191917,0.8499443935786437
0.8972784999999999,0.6042360833333329
0.8233771114163615,0.6980943685897438
0.8162786363636363,0.7570286515151515
0.826574375152625,0.7529482362400673
0.7872407222222231,0.5927021626984134
0.8493842499999996,0.8370069621212124
0.9150834303196809,0.8583471103243161
0.7844012500000003,0.6464287500000004
0.8336904625929626,0.7616220292526102
0.8892032619047622,0.7294795162337668
0.8141984166666668,0.7438181993464054
0.8799784654512153,0.803754193417693
0.8345012715895211,0.6759194194555448
0.8283945014430018,0.6394006883116882
0.9041232964812969,0.8475299831279832
0.7761750072150077,0.5831300793650788
0.8769215252525254,0.5019387348484845
0.8567230000000003,0.7639653333333334
0.837130553862804,0.7517946054680619
0.8349767497502499,0.7603230577518889
0.8393507573260074,0.7570365047215859
0.8123887619047626,0.6244032380952377
0.8471374458874457,0.6961376158008661
0.8859497949550446,0.6966744398420209
0.8323853174603174,0.7204427142857145
0.7849378141580646,0.8254213830197576
0.8362601307026308,0.7567547244185555
0.8472945491452992,0.7070939885392389
0.8311422222222227,0.7164266666666669
0.8341231215728719,0.7379069372294377
0.8657278320290817,0.8268871399058462
0.8976453464868471,0.8515705979020981
0.8713603194305697,0.7800089673006734
0.8678540295815299,0.7459430367312424
0.878674567765568,0.8891346375291376
0.8883234857919858,0.7207160005411256
0.874031063492064,0.8557979772727278
0.806816931235431,0.6976439075826133
0.8599562393439899,0.8055126096444412
0.8345120354645357,0.7599684863233175
0.8900806526251525,0.7449695134489694
0.9220675476190477,0.865569976190476
0.8725652783050281,0.7969498521062274
0.8412200495060492,0.7633067190309687
0.7754720634920641,0.5254514285714288
0.8631699700577197,0.7078071482683987
0.8366188724053727,0.7357698293969105
0.7984197307414802,0.7538604471500725
0.8557072049062046,0.8442792825230326
0.8708173222333221,0.752257424825175
0.8752216687201685,0.7911006415847227
0.8632654071761572,0.8210399700340516
0.8062357039627039,0.784295014874015
0.8485253356088357,0.7483701780621341
0.8711985611888118,0.910708224164724
0.8401128913863914,0.750263623685955
0.8696455952380953,0.7470199184606245
0.9027469137529139,0.8489667958707962
0.8349485949883448,0.7780212233460989
0.8428643322510824,0.7612684257409259
0.8844118896103901,0.8483073080808085
0.8517668442668438,0.8199143316030378
0.823508035076035,0.7407548152819406
0.8505887386224887,0.8118878389706701
0.7902964436674443,0.8121387760572759
0.8360283092740591,0.7587821172756984
0.8468363137973139,0.7376896948884454
0.8384252138139636,0.7499553461399714
0.8242232546897549,0.8221409628427128
0.8193016695526697,0.633746746753247
0.8287430970695974,0.8239634222485032
0.8565898106338107,0.5419543264929514
0.8111918333333336,0.7498720000000002
0.8843321778776783,0.819959156524032
0.8469835182040181,0.781268021769897
0.8468046554279054,0.7823512664973917
0.8195265168165164,0.6670953308080806
0.709938524475524,0.7625637764180262
0.8264445036907538,0.7407834539072039
0.9123124296536802,0.8737153181818182
0.8164979373959375,0.6986690410839163
0.8238135703463209,0.7336374588744587
0.8303800772838279,0.7502717966755468
0.881251333333333,0.7317926666666671
0.8722790442335444,0.8204164165181227
0.8232812309634809,0.7114687241647241
0.7844755000000002,0.7909953333333337
0.816293965811966,0.6466527179487178
0.8413592034354537,0.762516541074122
0.8438445148185161,0.6272894722124284
0.8278357777777781,0.7895280000000001
0.8520442525252525,0.7110247575757572
0.8342106088078589,0.7767526988052798
0.8550519240481745,0.7154661103243154
0.8512261417748911,0.7594488566017319
0.7842233607503608,0.7217418589466092
0.8642015476190475,0.773684880952381
0.8505149517704517,0.7797890606378918
0.8734475212842716,0.8516352913377474
0.8919416666666667,0.664841385281386
0.8592164335664338,0.7839430711649465
0.88260439033189,0.7449087288961042
0.8100044836552341,0.7374722593697155
0.8589178571428568,0.6190302380952374
0.8343476858141861,0.7525285912184222
0.8411109268786767,0.7426133330044141
0.8435977948995447,0.7697905017800827
0.9141255129870133,0.8677606515151517
0.918445025252526,0.767683246753247
0.8576801604784108,0.791782971722722
0.8428407259407258,0.7626249744185556
0.8208942734765234,0.674419100246975
0.8377495238095236,0.6978812023809521
0.886014416444667,0.8207574658119657
0.8842059696969704,0.8819147053502059
0.840189925074925,0.7393909287518039
0.8662162567155063,0.6430397997737556
0.845737866106116,0.7309638171730235
0.8186524197191702,0.7024167572607135
0.8866638502886006,0.7624089170829171
0.8225661696359198,0.5254773188102749
0.8491451190476192,0.6317064285714287
0.8886236951936948,0.769778939675521
0.8672709498557002,0.8020358043247604
0.8512986717171722,0.7279552423271172
0.8528825392662895,0.800325824748781
0.8487755109057612,0.7690583352758352
0.8647103333333332,0.6605920000000002
0.8700336472693977,0.7484461426392233
0.8531590555555557,0.7215616666666668
0.8542293694361187,0.7586562227535539
0.86606860014985,0.7147504154040404
0.7540648333333335,0.7200855000000002
0.8084900855810855,0.6991568329587077
0.8507124385614391,0.77264888437951
0.8596497752525262,0.7452092368644432
0.8033489020146525,0.6908627376373623
0.8453170123487631,0.7063978059065111
0.8519221978576975,0.7358801727439226
0.8430000331335336,0.7640610738566991
0.8366006664169165,0.7573859744185555
0.8770912610445107,0.763797318722944
0.8207377272727275,0.7172422727272731
0.8738283575036077,0.6889717591060907
0.8607243333333332,0.7454896666666667
0.8494899526862031,0.7478230040972104
0.8679629154456648,0.7747497281746034
0.8669752675380171,0.7513821183261185
0.8459313482073482,0.7669973708693267
0.8280819573204572,0.7520363828810084
0.8921423333333334,0.5203103333333329
0.8767668416305913,0.7181343544372295
0.8438228033910536,0.7579771097236098
0.8490205293317793,0.8063691467698972
0.7975926705794203,0.6533770585566394
0.8403861666666669,0.8090688333333337
0.8675389261294261,0.7630887735042736
0.857812675990676,0.77490889916048
0.8800413760128762,0.8397153329211643
0.8461421446331444,0.8207982026347839
0.8506426327838834,0.7128188146477697
0.8404327499999998,0.7388299166666671
0.8557099285159285,0.7929056918816483
0.8609560000000005,0.7969533333333334
0.8478977486679986,0.7767340211357271
0.8795333061660554,0.7219386863732676
0.838191216894217,0.7671389032217785
0.8357944164169165,0.7565347244185555
0.8352253405760905,0.7951796239079552
0.8631067857142858,0.8033403452380954
0.8781013654401151,0.7527548603896105
0.825902914085914,0.6397802237484732
0.8635507449494952,0.8293694609459172
0.848662005494505,0.5391554816849813
0.8242274733044732,0.7692413261183257
0.8853881246808742,0.7488549507575759
0.8274496988566991,0.7965359132574945
0.8694858931623933,0.7199605989010984
0.8457733333333333,0.7354527777777782
0.7965764304584303,0.7924793334761645
0.8269673452380956,0.8106696522366527
0.9182720833333334,0.85455225
0.8783525000000003,0.822898
0.8139510270840269,0.6323563962981469
0.9220675476190477,0.865569976190476
0.8526391906981914,0.7773504485791989
0.8544008233155735,0.7630648391608394
0.8823266464646471,0.7055952511377522
0.8647405718725717,0.7969890154192215
0.8315366190476193,0.6502364285714286
0.8250247484182489,0.7110959084249088
0.8341349999999997,0.7898500000000002
0.8061170317460318,0.6397820216450217
0.8236513823398828,0.7163341334955898
0.9155716666666671,0.859225
0.8568622399822396,0.6379072461190768
0.7921680476190481,0.558433412698412
0.8370718143800646,0.7655204137292447
0.8401895396825403,0.7076786666666668
0.8746982557165057,0.7747731124569878
0.8488863400488406,0.7461452261904761
0.8859825793650795,0.7859861190476194
0.8288036699134195,0.7450132121212119
0.8793815800588305,0.8132378961496022
0.8366188724053727,0.7357698293969105
0.8596618766233768,0.7661093866590921
0.8684856798756797,0.6860939090909097
0.8586138131590628,0.79289814506327
0.8854522612110115,0.7582078994893997
0.873066852258852,0.8383445702394016
0.815927224053724,0.6472203093850591
0.8193568346375847,0.7066541836676399
0.8441470881340881,0.7566124062367373
0.8488957037962039,0.768385213786214
0.8453512279387284,0.7695708724094535
0.8823878195970697,0.807460882801839
0.7770247727272729,0.7538941655844156
0.8490368106060606,0.7662399262167569
0.8353072297702292,0.7572484234140046
0.8166549104229104,0.7558522505729567
0.9203293834221336,0.8700493078033082
0.7963972738095244,0.7041184107142858
0.8232717871572869,0.7537273430735929
0.9024131666666654,0.7552459999999992
0.8271137275779781,0.6600302083749584
0.8114195332167827,0.8541325227688978
0.8560922845765346,0.7366196813603065
0.8215968055555558,0.6877018253968259
0.8740785039127542,0.7111082663725168
0.8380154905927406,0.768525903055278
0.8273838333333334,0.708252
0.8702492271339772,0.7889402688977691
0.8293680609113112,0.7023765927960929
0.837748693889444,0.7566090470542531
0.8474644627872128,0.5544001885753134
0.8832018653846156,0.7806517686659751
0.8406249999999993,0.5434651666666663
0.840398833333333,0.6464804166666667
0.8409143253413253,0.8345250944513003
0.8608689498557004,0.7493329169621221
0.7710758653846151,0.713031201923077
0.857137619047619,0.7625670952380953
